,Unnamed: 0,hostname,status,pl_index,mass,mass_med,mass_minus,mass_plus,axis,axis_med,axis_minus,axis_plus,per,per_med,per_minus,per_plus,tc,tc_med,tc_minus,tc_plus,w,w_med,w_minus,w_plus,k,k_med,k_minus,k_plus,e,e_med,e_minus,e_plus,e_mode,e_68,insol,insol_med,insols_minus,insols_plus,teq,teq_med,teq_minus,teq_plus,post_path
4,8,108874,K,1.0,1.322191855,1.3196634109999998,1.272191878,1.3670612640000002,1.052723064,1.052493963,1.036291158,1.068554294,395.3957755,395.38474,395.1705522,395.6064123,2453527.321,2453527.545,2453524.801,2453530.262,-2.530688377,0.6009130398,0.4766766965,0.7257825373000001,37.1043034,37.05552352,36.36884924,37.76095791,0.1433085743,0.14444290640000002,0.1282931656,0.16072167240000002,0.14,0.15209796609999998,0.9276743361,0.9286511574,0.8511809259,1.011130117,0.6590382579999999,0.6588648838000001,0.8511809259,1.011130117,/data/user/lrosenth/legacy/final_run/108874/108874_pchains.csv
5,9,108874,K,2.0,1.143530151,1.139485956,1.089971941,1.191026291,2.8308945210000003,2.829653697,2.784949068,2.874170955,1743.59795,1743.2393149999998,1733.744407,1752.583191,2454784.5,2454785.184,2454767.673,2454803.467,0.07140410548,0.07652817686,-0.04001120383,0.1961670467,20.08168697,20.05281946,19.40084839,20.70140654,0.2643733219,0.2649892849,0.2341017327,0.2953227988,0.265,0.2794963573,0.1282851666,0.1284684074,0.1177293457,0.139973931,1.080725507,1.080339927,0.1177293457,0.139973931,/data/user/lrosenth/legacy/final_run/108874/108874_pchains.csv
7,14,114783,K,1.0,1.034819187,1.032731072,0.9991966142,1.06638463,1.1638283,1.16388126,1.147396823,1.179532785,492.5395102,492.558183,492.2100479,492.8988893,2455283.898,2455283.817,2455281.16,2455286.516,1.90282515,-1.234505596,-1.371806087,-1.09294725,29.53420992,29.47745643,28.96438338,30.01315802,0.1278306078,0.1260403637,0.1096601375,0.1424599125,0.12,0.1340385328,0.323354177,0.32343404530000003,0.3008069096,0.3471393818,0.8577088541,0.8576558989,0.3008069096,0.3471393818,/data/user/lrosenth/legacy/final_run/114783/114783_pchains.csv
8,15,114783,K,2.0,0.6536646166,0.6593195773,0.6131944118,0.7056032093000001,4.950488847,4.969085027,4.856960002,5.091295103999999,4320.955897,4344.240269,4230.693238,4477.061049,2454995.84,2454959.215,2454873.873,2455048.796,2.742677913,-0.3706734916,-0.8621714551999999,0.13195532029999998,9.044610178,9.10728917,8.530553374,9.671389572,0.1270053375,0.1144880775,0.05619335421,0.17233243059999998,0.12,0.14166476390000002,0.01787146395,0.0177089356,0.01629112856,0.01918594582,1.768965976,1.773010867,0.01629112856,0.01918594582,/data/user/lrosenth/legacy/final_run/114783/114783_pchains.csv
17,28,12661,K,1.0,2.282367114,2.283376102,2.220968952,2.344721092,0.8241165000000001,0.8241329226,0.8128989898000001,0.8349939227,262.36226150000005,262.3604849,262.3440407,262.3774254,2456079.043,2456079.2830000003,2456078.6580000003,2456079.944,-1.0530301009999998,-1.058116861,-1.071367856,-1.044617006,73.56595373,73.58843997,73.22146913,73.95148456,0.3600371101,0.3596641525,0.3552251412,0.3642251615,0.355,0.3617810518,1.947951234,1.945932577,1.788472846,2.11805821,0.5474758822,0.5476178111,1.788472846,2.11805821,/data/user/lrosenth/legacy/final_run/12661/12661_pchains.csv
18,29,12661,K,2.0,1.859748418,1.855497333,1.801049046,1.909186914,2.860843612,2.860550398,2.821585852,2.898473064,1696.913201,1696.663821,1694.292313,1698.937578,2455775.738,2455774.879,2455767.926,2455782.261,1.925861379,-0.9869806041,-1.340313489,0.9585018907,30.02635241,29.96203961,29.62545303,30.30393679,0.02688317691,0.0250672918,0.01295726626,0.03703304022,0.02,0.030810821960000005,0.1616467822,0.1615039008,0.1484151737,0.1757847969,1.020041277,1.020266808,0.1484151737,0.1757847969,/data/user/lrosenth/legacy/final_run/12661/12661_pchains.csv
20,32,128311,K,1.0,3.284585347,3.25056308,3.130205972,3.373816148,1.741200618,1.74150763,1.7210618830000002,1.761426719,917.2626838,917.5018561,915.6487029,919.4437187,2455213.788,2455218.864,2455202.754,2455238.248,-0.5087708489,-0.3043944558,-0.6043685731,0.04587216487,79.14898422,78.12919668,75.48847661,80.78950667,0.21161702,0.1956776923,0.1389273372,0.2424481531,0.21,0.2184121391,0.1074319788,0.1074176085,0.1004181407,0.1147771855,1.129733789,1.129771571,0.1004181407,0.1147771855,/data/user/lrosenth/legacy/final_run/128311/128311_pchains.csv
21,33,128311,K,2.0,2.0897000880000003,2.0044854130000003,1.849179056,2.160315863,1.088538612,1.088307643,1.075630005,1.10072699,453.4049583,453.28271,452.5989451,453.9745741,2455211.872,2455211.332,2455207.055,2455215.818,0.9838694162,1.063605795,0.8864510044,1.251694239,64.73354588,62.36494185,58.06391203,66.59758798,0.2746200352,0.2831150856,0.2434916268,0.3232432574,0.27,0.30213345010000003,0.274880241,0.2750670796,0.2571074117,0.293910315,0.8932512476000001,0.8930995243000001,0.2571074117,0.293910315,/data/user/lrosenth/legacy/final_run/128311/128311_pchains.csv
24,36,134987,K,1.0,1.624656729,1.6241010619999998,1.574275549,1.672803876,0.8174363606999999,0.8175566798999999,0.80550745,0.8291618293999999,258.24975240000003,258.2510935,258.2081322,258.2926717,2452704.421,2452704.415,2452703.58,2452705.247,-0.1708457093,-0.1664835203,-0.2077475339,-0.1242921019,50.20286275,50.1771314,49.7326977,50.62144017,0.2282171789,0.2281165281,0.22044205170000006,0.23590717100000005,0.225,0.2318304166,2.368367944,2.367932911,2.178949002,2.572401155,0.5213714174,0.5213953621999999,2.178949002,2.572401155,/data/user/lrosenth/legacy/final_run/134987/134987_pchains.csv
25,37,134987,K,2.0,0.9426318878,0.9345525515,0.8740913999,0.9971551407,6.620941544,6.624323287,6.476736178,6.78059495,5953.0374729999985,5955.139412,5808.216061,6122.7940119999985,2455044.799,2455064.065,2454915.472,2455200.159,-1.63301858,1.028054029,-1.406443132,1.4272422830000002,10.10534242,10.00733185,9.437551004,10.59812544,0.1662978397,0.1542958189,0.1044001247,0.20357357760000006,0.155,0.177562439,0.0361008619,0.03601525024,0.03290110069,0.03941966746,1.4838162380000002,1.484697246,0.03290110069,0.03941966746,/data/user/lrosenth/legacy/final_run/134987/134987_pchains.csv
29,46,141399,K,1.0,1.329124333,1.328846234,1.2817491909999998,1.374978545,0.6931339892,0.6930899383,0.6811054149,0.7047517261,201.7877247,201.775734,201.7153715,201.8346251,2455626.052,2455626.022,2455625.551,2455626.503,-2.729617742,0.4294687765,0.2863737659,0.5692240293,43.50238728,43.48690501,43.17540349,43.80603059,0.04635639066,0.04654946612,0.03971727515,0.053347142249999986,0.045,0.04975901094,3.521136031,3.522731392,3.24040079,3.831324893,0.472159586,0.4721061195,3.24040079,3.831324893,/data/user/lrosenth/legacy/final_run/141399/141399_pchains.csv
30,47,141399,K,2.0,1.270786432,1.263132845,1.216009319,1.310296151,2.115370673,2.113947123,2.076943057,2.14983911,1075.8424289999996,1074.829965,1071.552787,1078.00108,2454754.487,2454755.649,2454748.676,2454762.433,-1.466123829,-1.054415519,-1.436916835,1.420649796,23.80687352,23.68254563,23.33177723,24.03373464,0.04468843102,0.04403681125,0.03134793003,0.05677280249,0.04,0.05016311033,0.3780456429,0.3786405166,0.34823790200000004,0.4120304691,0.824847102,0.8245229362000001,0.34823790200000004,0.4120304691,/data/user/lrosenth/legacy/final_run/141399/141399_pchains.csv
35,57,145675,K,1.0,4.847842508,4.850670053,4.705175618999999,4.996722841,2.830291884,2.829741466,2.788758395,2.870491916,1766.59725,1766.405171,1765.729975,1767.074684,2456834.197,2456834.442,2456832.492,2456836.163,0.4008516604,0.4048895267,0.3933479847,0.4145747897,89.53479204,89.4941321,88.96969126,90.1416723,0.368809309,0.3674025143,0.3636421075,0.3709412451,0.365,0.3691234258,0.08863037386,0.08871159078,0.08178886374,0.09607546618,1.185397118,1.185125712,0.08178886374,0.09607546618,/data/user/lrosenth/legacy/final_run/145675/145675_pchains.csv
36,58,145675,C,2.0,5.6916002410000015,5.842973187,4.81324768,7.200665618,15.94954497,16.41978378,12.07899494,25.72043747,23632.68993,24712.27089,15552.291969999998,48305.0187,2454656.779,2454677.443,2454364.561,2455112.704,-0.1120890364,-0.1341744024,-0.3093752181,0.005949104819,45.85384907,46.68116954,41.893168,52.65213743,0.4407590916,0.4521640326,0.3030717779,0.6195813321,0.27,0.5300486493,0.002790926752,0.0026366491220000004,0.001071866201,0.004873995699,2.813989046,2.854279034,0.001071866201,0.004873995699,/data/user/lrosenth/legacy/final_run/145675/145675_pchains.csv
42,70,156279,K,1.0,9.502391726,9.504164227999999,9.186044001,9.815114338999999,0.5040103565999999,0.5040530444,0.4955297363,0.5122296826,133.4025622,133.40310390000002,133.3991103,133.4067712,2455464.933,2455464.94,2455464.814,2455465.065,-1.645852365,1.4956342880000002,1.49380595,1.49746658,509.8986073,509.9546227,509.3893,510.5027477,0.6477846826,0.6477940399000001,0.6471305158,0.6484779982,0.645,0.6481171749,2.9260508130000003,2.924668773,2.6923547,3.18027161,0.4945259048,0.494584316,2.6923547,3.18027161,/data/user/lrosenth/legacy/final_run/156279/156279_pchains.csv
43,71,156279,K,2.0,9.442843448,9.446331726,9.12543867,9.759485033999999,5.461491702000001,5.460925424,5.36628286,5.552423725,4758.519979,4757.532464,4730.354058,4785.730306,2455834.662,2455834.719,2455831.537,2455837.801,1.759189691,-1.381743053,-1.399331658,-1.3645651580000002,121.4406848,121.4844865,120.93355,122.0089381,0.25994395,0.259671231,0.2547894738,0.2647096358,0.255,0.2620167174,0.02491943714,0.0249133418,0.02292135088,0.02709742513,1.627889624,1.627989185,0.02292135088,0.02709742513,/data/user/lrosenth/legacy/final_run/156279/156279_pchains.csv
53,89,168443,K,1.0,7.918355432999999,7.918500646,7.762541627999999,8.072728316000001,0.2977096269,0.2977189435,0.29478589920000003,0.3006038707,58.11158585,58.11159444,58.11148757,58.11170422,2455272.958,2455272.957,2455272.947,2455272.9680000003,3.022846809,-0.1187948914,-0.1203194384,-0.1173006594,477.07459910000006,477.0125959,476.503279,477.51621560000007,0.5313993728,0.5312986302,0.5306837036,0.5319217643999999,0.53,0.5315993108,27.730255100000004,27.69206861,25.37989881,30.20871634,0.2818519514,0.2819490674,25.37989881,30.20871634,/data/user/lrosenth/legacy/final_run/168443/168443_pchains.csv
54,90,168443,K,2.0,17.75605549,17.75819294,17.40898157,18.1046641,2.881243167,2.881387767,2.8529560860000003,2.909322185,1749.618164,1749.672829,1749.385811,1749.9520120000002,2455599.134,2455599.406,2455598.634,2455600.155,1.128664611,1.129543121,1.123495312,1.135586373,298.0529648,298.0397235,297.6429299,298.440932,0.2115630226,0.2112451647,0.2099520642,0.2125629204,0.21,0.2118674273,0.2960600418,0.2956386312,0.27095394850000004,0.3224841383,0.8768283095999999,0.8771406058,0.27095394850000004,0.3224841383,/data/user/lrosenth/legacy/final_run/168443/168443_pchains.csv
56,92,169830,K,1.0,2.95864593,2.956189143,2.886860603,3.026086404,0.8131429009000001,0.8130238294,0.8046048272,0.8213474251999999,225.8141932,225.7886839,225.7074552,225.8630662,2455515.931,2455515.751,2455514.913,2455516.596,2.644863871,-0.4999621656,-0.5469930886,-0.4545455556,82.72421867,82.58215483,81.62057931,83.56401261,0.3097473644,0.306202652,0.2934940681,0.3186901051,0.305,0.3121883811,7.412772957,7.416372531,6.830617065,8.039679124,0.3919803872,0.3919328161,6.830617065,8.039679124,/data/user/lrosenth/legacy/final_run/169830/169830_pchains.csv
57,93,169830,K,2.0,3.516502547,3.5113697,3.394927479,3.628860209,3.286211728,3.282411888,3.247146999,3.317469714,1834.612022,1831.921058,1823.33088,1840.0062,2455133.191,2455138.551,2455118.964,2455158.595,-0.6171424332,-0.6306362836,-0.7683918346999999,-0.4991240895,48.14367926,48.10677502,46.83991773,49.38696759,0.2588104925,0.2572998229,0.238346172,0.2765049594,0.255,0.266224852,0.4538615223,0.454981028,0.4188435855,0.4932681477000001,0.7880044514,0.7875192715,0.4188435855,0.4932681477000001,/data/user/lrosenth/legacy/final_run/169830/169830_pchains.csv
59,96,177830,K,1.0,1.342934726,1.3475801,1.248638436,1.4433834230000002,1.179557236,1.179681717,1.136441481,1.219217675,407.3687775,407.3679811,407.1507124,407.5775074,2455453.422,2455452.353,2455450.329,2455454.447,-3.060673072,-0.0116403657,-0.5813606672,0.6204300821000001,30.62366315,30.73330937,30.22419402,31.26495019,0.03271542572,0.027901714280000003,0.01097992462,0.04510941675,0.03,0.03615459912,4.180970683,4.186016172,3.781822963,4.647045382,0.4523142097,0.4521778523,3.781822963,4.647045382,/data/user/lrosenth/legacy/final_run/177830/177830_pchains.csv
60,97,177830,K,2.0,0.1077794406,0.1043940241,0.08952253732999997,0.1199868708,0.4961956345,0.4963290159000001,0.4781453221,0.5129394659000001,111.1446646,111.1628263,111.1105499,111.2269238,2455178.598,2455177.027,2455174.194,2455179.526,2.3124107730000003,-0.8965834481,-1.196138429,-0.6221552078,4.732411539,4.400600521,3.706455461000001,5.203582998,0.5995915722,0.539208812,0.3897245882,0.6601489524,0.54,0.6000397957,23.62703815,23.64844005,21.36741106,26.25097946,0.29336425190000004,0.2932978555,21.36741106,26.25097946,/data/user/lrosenth/legacy/final_run/177830/177830_pchains.csv
65,107,187123,K,1.0,0.5006673977,0.50090784,0.4850316758,0.5167437356,0.04185597078,0.04185573243,0.04119119466,0.0425066275,3.096596964,3.096597075,3.096594826,3.0965993480000003,2455665.931,2455665.934,2455665.929,2455665.937,0.6533543954,0.3213127396,-0.8441402601000001,1.102975174,68.88835149,68.92305231,68.65238087,69.19245837,0.005528901903,0.004036601067,0.001193532,0.008007627538,0.0,0.005882522368,755.1175212999998,754.9828812000002,691.6845225,823.3852349,0.1233831561,0.1233886567,691.6845225,823.3852349,/data/user/lrosenth/legacy/final_run/187123/187123_pchains.csv
66,108,187123,K,2.0,1.714339992,1.71276891,1.6554533219999998,1.770978762,4.430876147,4.432012704,4.359885988,4.50242047,3372.740836,3373.730286,3357.062465,3390.906965,2458863.377,2458870.962,2458845.059,2458896.147,-1.7445076430000002,1.376817572,1.307763207,1.4429966669999998,23.54040812,23.52782172,23.21948118,23.82487979,0.2270511161,0.2274633438,0.2106658104,0.2436721959,0.225,0.2352183496,0.06738297234,0.0673451152,0.06168823536,0.07347011227999999,1.269468623,1.2696469890000002,0.06168823536,0.07347011227999999,/data/user/lrosenth/legacy/final_run/187123/187123_pchains.csv
79,144,217107,K,1.0,1.3849348519999998,1.384621561,1.3455073359999998,1.423472109,0.07388993775000001,0.07388199513999999,0.07282566442,0.07490525779,7.126874076,7.126874374,7.126867858,7.126881047,2456306.846,2456306.847,2456306.844,2456306.851,0.3950585133,0.3942252172,0.3800005303,0.4081607247,141.90264209999995,141.9102764,141.64880369999997,142.16635259999995,0.1284494796,0.1279138456,0.1262731566,0.1296341962,0.125,0.1287308535,223.0521829,223.035363,204.5731396,243.2448738,0.1673623991,0.1673655544,204.5731396,243.2448738,/data/user/lrosenth/legacy/final_run/217107/217107_pchains.csv
80,145,217107,K,2.0,4.314324915,4.3060070360000005,4.174676169,4.439737078,5.938325541,5.9422807760000005,5.856686752000001,6.025723815,5134.7243899999985,5141.082813,5127.596902,5154.417588,2460069.992,2460064.299,2460041.348,2460086.606,-2.731543004,0.4309687977,0.4098747451,0.4519277133,53.24311557,53.08076723,52.38546607,53.78834207,0.3955223689,0.3927729793,0.3860409823,0.3996928914,0.39,0.3961251313,0.03453417416,0.0344797594,0.03161815026,0.03760072477,1.500366102,1.500957708,0.03161815026,0.03760072477,/data/user/lrosenth/legacy/final_run/217107/217107_pchains.csv
89,162,24040,K,1.0,4.064210164,4.051327661,3.906305814,4.1971696010000015,4.708176046,4.708197628,4.631370201,4.782514585,3551.441809000001,3551.565755,3540.1446590000005,3563.049908,2456924.532,2456932.116,2456914.771,2456947.3540000003,0.26267135210000003,0.09183819503,-0.9486476241,1.018015643,50.69094954,50.53375654,49.7346999,51.37053432,0.01268721138,0.0116910542,0.003497109804,0.0230971865,0.0,0.01688730532,0.08673165311,0.08674020092,0.08001751416,0.0939501753,1.191832177,1.191802813,0.08001751416,0.0939501753,/data/user/lrosenth/legacy/final_run/24040/24040_pchains.csv
90,163,24040,C,2.0,0.206749008,0.2010430007,0.1738826009,0.2284506696,1.301111518,1.300030208,1.278488603,1.320955294,515.9379157999998,515.4327461,512.9051817,517.6435946,2454989.262,2454984.095,2454967.481,2455002.804,2.109491563,-0.27815367420000003,-1.146620743,1.030980913,4.945674347,4.846943608,4.202251162,5.483677875,0.12811452269999998,0.1110441717,0.03211128132,0.233157482,0.0,0.1663409038,1.1356747459999998,1.137314996,1.049462799,1.232663279,0.6265359856,0.6263099637,1.049462799,1.232663279,/data/user/lrosenth/legacy/final_run/24040/24040_pchains.csv
100,190,38529,K,1.0,13.21854348,13.21459353,13.1126815,13.31597213,3.736550798,3.736452497,3.726559382,3.746310376,2133.341386,2133.318167000001,2131.810834,2134.856748,2454612.769,2454612.561,2454609.249,2454615.906,0.3703326417,0.3697506213,0.3526459604,0.3865609301,168.1246757,168.1225241,167.130755,169.0856674,0.3541983354,0.35450118350000004,0.34983474740000003,0.3593059258,0.35,0.3567124304,0.5251321416,0.5249726319,0.4808842164,0.572758489,0.7597878808,0.7598455885,0.4808842164,0.572758489,/data/user/lrosenth/legacy/final_run/38529/38529_pchains.csv
101,191,38529,K,2.0,0.877286673,0.8764682803,0.8626882449,0.8906549297,0.1329004491,0.1328999342,0.13255068720000002,0.1332437799,14.31013382,14.31013642,14.30991317,14.31036439,2455200.293,2455200.3,2455200.25,2455200.35,1.588637584,-1.484341801,-1.5455727819999998,1.541254295,57.30960062,57.26413719,56.38030601,58.15924889,0.2606282445,0.2600576233,0.2449736426,0.2745068525,0.26,0.2670094145,415.1045423,415.0124787,380.1087097,452.7592538,0.1432914049,0.1432993509,380.1087097,452.7592538,/data/user/lrosenth/legacy/final_run/38529/38529_pchains.csv
103,194,4203,K,1.0,1.807258509,1.822012978,1.744258603,1.899544978,1.176735777,1.176618285,1.154370374,1.198113269,437.2172831,437.1814588,437.0262649,437.3170414,2440615.542,2440618.764,2440612.7630000003,2440624.786,-0.4884571617,-0.5040479111,-0.548985562,-0.4645945498,51.81680078,52.15300211,50.94497733,53.40389421,0.5148951871,0.5125814163,0.4988321107,0.5252082664,0.51,0.5187247652,1.454681333,1.456076645,1.3436898000000002,1.577666821,0.5889352452000001,0.588794105,1.3436898000000002,1.577666821,/data/user/lrosenth/legacy/final_run/4203/4203_pchains.csv
104,195,4203,K,2.0,2.501198519,2.684077663,2.44154295,3.67277561,6.97230277,7.7780701,6.999575442,13.15403736,6305.844273,7424.745694,6359.957042,16374.55521,2453839.627,2453775.322,2453282.652,2453903.032,-1.193311165,0.5519873975999999,-1.185885371,1.159237825,25.42200871,26.13049223,24.67828326,30.54838133,0.1142070326,0.1901637344,0.1008753396,0.4809389418,0.125,0.3533705701,0.04143556886,0.03276368256,0.01162689433,0.04154055684,1.433561027,1.5202371280000002,0.01162689433,0.04154055684,/data/user/lrosenth/legacy/final_run/4203/4203_pchains.csv
112,213,50499,K,1.0,1.304680658,1.346304155,1.259686352,1.4297739040000002,3.846660094,3.846433815,3.807365251,3.88563454,2461.595756,2461.706419,2445.814434,2476.979854,2455026.878,2455004.796,2454928.549,2455079.076,-1.670313256,1.360247947,-1.4870498019999998,1.509434762,18.17763029,18.61273066,17.60326747,19.60095314,0.3688939987,0.3479279496,0.3030421605,0.3943147814,0.345,0.3692506221,0.1590156885,0.1589008103,0.14572227599999998,0.17305750350000002,1.0242347790000002,1.024419848,0.14572227599999998,0.17305750350000002,/data/user/lrosenth/legacy/final_run/50499/50499_pchains.csv
113,214,50499,K,2.0,3.134572711,3.175214998,2.714043595,3.804324802,9.745467002,10.07149967,9.226095801,12.04833811,9926.473771,10419.76041,9155.077133,13640.61866,2452794.464,2452710.186,2452455.559,2452844.214,1.909844226,-0.9616029238,-1.315603089,-0.2930519216,26.28120249,26.13978289,22.8798724,29.99224119,0.2415749845,0.2412150064,0.1660442825,0.3303945323,0.24,0.2801586172,0.02477435106,0.02294570191,0.015937048540000002,0.02805405953,1.630267761,1.661820742,0.015937048540000002,0.02805405953,/data/user/lrosenth/legacy/final_run/50499/50499_pchains.csv
116,222,66428,K,1.0,3.179828887,3.191998852,3.083945182,3.299029853,3.450976555,3.454615783,3.404747669,3.503216802,2284.535766,2288.860809,2282.079506,2295.023024,2456565.329,2456561.96,2456548.995,2456574.691,-3.050226424,0.09571246486,0.05037901381,0.1496070602,52.42201623,52.48200208,51.37761945,53.55533003,0.4237427219,0.4180283608,0.403880476,0.4325915831,0.415,0.4250829528,0.1047560854,0.1045820989,0.09590911449,0.11388363,1.136880184,1.137352728,0.09590911449,0.11388363,/data/user/lrosenth/legacy/final_run/66428/66428_pchains.csv
117,223,66428,C,2.0,3.812772337,27.18326702,9.770447377,48.86530494,10.05995333,23.00612233,15.43094945,41.60534199,11370.48258,39488.90176,21580.42347,95482.84667,2452849.744,2445901.562,2441396.117,2450474.335,-1.253163882,0.5404329193999999,-0.8977889156000001,1.185686589,33.6387701,152.4110375,67.06213189,273.67324289999993,0.1315767802,0.324164038,0.16742093619999998,0.5566255133,0.375,0.4049891709,0.01232739598,0.002365469752,0.0007118294563,0.0052326054,1.941072137,2.932784568,0.0007118294563,0.0052326054,/data/user/lrosenth/legacy/final_run/66428/66428_pchains.csv
118,226,68988,K,1.0,1.913061374,1.914119629,1.860412144,1.967294396,0.07020102527000001,0.07019628091,0.06921126585,0.07116157853999999,6.276418456,6.276418734,6.276410898,6.276426934,2451549.717,2451549.717,2451549.711,2451549.722,0.7065207781999999,0.70527817,0.6870542179000001,0.7239812309999999,192.0678641,192.2000557,191.5731062,192.8140971,0.1578742152,0.1580855062,0.1549528329,0.16079099300000002,0.155,0.159339686,343.9643468000001,344.1994127,314.8906078,375.694943,0.1501865894,0.1501609409,314.8906078,375.694943,/data/user/lrosenth/legacy/final_run/68988/68988_pchains.csv
119,227,68988,C,2.0,15.04870161,14.96509755,13.43991405,17.79891706,13.42564964,13.15069943,11.16761959,18.42548302,16599.678340000002,16091.13366,12593.60553,26696.59489,2451607.957,2451659.424,2451479.475,2451774.277,3.041858431,-0.1304062514,-0.1729607841,-0.09358711075,121.3764301,121.4144098,114.1414197,134.647965,0.4582568726,0.4531382666,0.3723180707,0.5876063089,0.4,0.517328991,0.009404370266,0.009749949696,0.004989125485,0.01366507366,2.076954977,2.058301158,0.004989125485,0.01366507366,/data/user/lrosenth/legacy/final_run/68988/68988_pchains.csv
124,235,74156,K,1.0,7.648035693,7.648576085,7.379604086,7.913070596,3.726733342,3.726336045,3.66065903,3.789564961,2449.012954,2448.618591,2445.276976,2451.982217,2457110.614,2457109.674,2457100.793,2457118.72,-1.528529592,-1.526835788,-1.543513819,-1.509870494,112.9711091,112.97791979999998,112.2739602,113.6877555,0.3694279375,0.3690832669,0.3636247963000001,0.3745812171,0.365,0.3715678003,0.1849633118,0.1850602713,0.1703886006,0.2006402799,0.9862524928,0.9861232845,0.1703886006,0.2006402799,/data/user/lrosenth/legacy/final_run/74156/74156_pchains.csv
125,236,74156,K,2.0,1.744783341,1.745257363,1.683994837,1.806114523,0.28442646850000003,0.2844318894,0.2794154732,0.2892277191,51.63612191,51.63603157,51.63531031,51.63669197,2455231.4680000003,2455231.464,2455231.416,2455231.511,3.020972863,-0.120861901,-0.1311723598,-0.1105646226,114.6190741,114.5705478,113.6966404,115.4724378,0.654176436,0.6535584450999999,0.6497772526,0.6571690096,0.65,0.6552661756,31.75427582,31.76492248,29.24179141,34.43846027,0.27246389390000003,0.2724410606,29.24179141,34.43846027,/data/user/lrosenth/legacy/final_run/74156/74156_pchains.csv
126,237,75732,K,1.0,0.8414381459999999,0.841336952,0.8153572225,0.8673601906,0.1161853545,0.1161875994,0.1143932964,0.117953961,14.65171088,14.651709900000002,14.65165744,14.65176334,2455803.301,2455803.293,2455803.279,2455803.307,2.1527963530000003,-0.6158987428,-1.230829982,1.093433475,71.09464983,71.07794245,70.86777647,71.30816659,0.006495216461,0.004762926197,0.001681952532,0.008350758018,0.0,0.006537909378,49.4389506,49.4374589,45.6067293,53.59390187,0.2439170738,0.2439189137,45.6067293,53.59390187,/data/user/lrosenth/legacy/final_run/75732/75732_pchains.csv
127,238,75732,K,2.0,0.17136107039999998,0.1709856806,0.1644051926,0.17756689609999998,0.2432424095,0.2432441038,0.2394868011,0.2469420032,44.38336276,44.38269924,44.37890681,44.38650629,2455846.5930000003,2455846.827,2455846.349,2455847.256,0.6003453371,0.5275256415999999,-0.1160305713,0.9880742354,10.02663774,10.01212625,9.764280036,10.23452378,0.06365110051,0.048276909010000014,0.01941272868,0.07937430767999999,0.025,0.06324178489,11.2795929,11.27970088,10.40547869,12.22817112,0.35292803310000004,0.3529271885,10.40547869,12.22817112,/data/user/lrosenth/legacy/final_run/75732/75732_pchains.csv
135,250,82943,K,1.0,1.66580439,1.652215477,1.575604085,1.7373734930000002,0.7465410063,0.7465579094,0.7354931074,0.7572859237,219.92400240000003,219.928867,219.8697102,219.985235,2455135.123,2455135.168,2455134.631,2455135.731,1.887296282,-1.201313158,-1.261557375,-1.145036393,56.29703196,55.92978186,54.16938972,57.99973290000001,0.4169790505,0.4207281668,0.4054446531,0.4348563486,0.42,0.4271808436,2.838855843,2.838685102,2.609167081,3.0873138260000004,0.4982802541,0.4982877466,2.609167081,3.0873138260000004,/data/user/lrosenth/legacy/final_run/82943/82943_pchains.csv
136,251,82943,K,2.0,1.541386877,1.5386287230000002,1.486183656,1.591265256,1.188849884,1.188794617,1.171140462,1.205812062,441.9596883,441.9332115,441.4872165,442.3639602,2455110.559,2455114.608,2455106.887,2455121.594,1.524989463,-0.9977291621,-1.368874373,1.303363735,37.86313927,37.85390485,37.10393083,38.65493517,0.1343676768,0.1421755976,0.09603271174,0.1837249637,0.15,0.16195566279999998,1.119429211,1.119553172,1.029009242,1.217686895,0.628796844,0.6287794377,1.029009242,1.217686895,/data/user/lrosenth/legacy/final_run/82943/82943_pchains.csv
140,261,92788,K,1.0,3.522649717,3.519230271,3.4192075010000003,3.619552371,0.9492552761,0.9492054741,0.9362136856,0.9618990789,325.6996461,325.7047186000001,325.6651728,325.7422289,2450581.9590000003,2450581.1980000003,2450579.559,2450582.878,-1.403449353,-1.392748088,-1.4193303819999998,-1.366527526,106.03693429999998,105.9627887,105.0279588,106.9007229,0.35537367810000003,0.3552288007,0.34804984,0.3622277063,0.355,0.3584621729,1.4213061809999998,1.4216079519999998,1.305524021,1.545380313,0.5923625595,0.5923311212,1.305524021,1.545380313,/data/user/lrosenth/legacy/final_run/92788/92788_pchains.csv
141,262,92788,K,2.0,2.832309748,2.809626154,2.640134382,2.990445924,8.233454639,8.259456982,7.976395366,8.622905862,8319.857787,8356.238126999999,7968.990199,8891.245019,2450185.577,2450144.17,2449629.217,2450500.438,-0.6187293077,-0.6248953027,-0.7602834540000001,-0.4758988624,28.82309444,28.69307089,27.35754794,30.11615475,0.344469979,0.3546755611,0.3030893723,0.4115113369,0.35,0.3804510098,0.01889250256,0.01867941383,0.01659758112,0.02081130381,1.744564938,1.749519153,0.01659758112,0.02081130381,/data/user/lrosenth/legacy/final_run/92788/92788_pchains.csv
142,265,95128,K,1.0,2.405105831,2.438191063,2.353236967,2.523405755,2.058039704,2.059494711,2.027041115,2.09086254,1075.609435,1076.58579,1075.465809,1077.9116720000004,2454413.754,2454415.608,2454412.692,2454418.636,-0.6019981655,-0.599307664,-1.012349068,-0.09198781668,47.55289683,48.16186761,47.43620529,48.93093425,0.01866775286,0.016013116409999997,0.007995621464,0.02357339516,0.015,0.01965117296,0.3159173239,0.3152538823,0.2894507717,0.3435071034,0.8627126212999999,0.8631661512000001,0.2894507717,0.3435071034,/data/user/lrosenth/legacy/final_run/95128/95128_pchains.csv
143,266,95128,K,2.0,0.4931994094,0.497037604,0.4666502268,0.5290178434,3.398103815,3.403584763,3.347505802,3.45804864,2282.0699050000007,2286.532764,2270.071809,2305.295826,2455618.065,2455651.361,2455605.723,2455710.27,1.4056873280000002,0.5646468804,-1.367905491,1.383459197,7.831728927999999,7.7983042089999985,7.35903097,8.260369955,0.2477877904,0.17868410129999998,0.08625151810000001,0.2687533559,0.17,0.2234702692,0.1158797779,0.1154121188,0.1059397383,0.1258439533,1.108555902,1.109677189,0.1059397383,0.1258439533,/data/user/lrosenth/legacy/final_run/95128/95128_pchains.csv
150,279,9826,K,1.0,0.6749503847,0.6750525887000001,0.6594402452,0.6907677926000001,0.05913556578,0.05913705344,0.05850596996,0.059751801510000015,4.617122759,4.617121842,4.617110263,4.617133682,2454083.85,2454083.853,2454083.841,2454083.865,0.4609210283,0.014575471530000004,-1.102067402,1.090104239,69.36945959,69.39049334,68.75266928,70.04067309,0.003431121204,0.006855111038,0.002222333314,0.01403002414,0.0,0.01003659267,970.423046,970.1109268,885.564317,1060.665474,0.1158828684,0.1158921882,885.564317,1060.665474,/data/user/lrosenth/legacy/final_run/9826/9826_pchains.csv
151,280,9826,K,2.0,1.963254715,1.964861878,1.915682032,2.013652892,0.8264215481999999,0.8264720178,0.8176475916,0.8350646088,241.2130144,241.2230923,241.1819648,241.2683284,2455133.758,2455133.691,2455132.225,2455135.33,-2.122914905,1.015999836,0.9591791637,1.07029056,56.03709222,56.07235437,55.25722826,56.83969586,0.2687694113,0.2664313325,0.2540949344,0.2786418122,0.265,0.2724638573,4.968843854,4.966959554,4.5340182,5.430435367,0.4332072088,0.433248289,4.5340182,5.430435367,/data/user/lrosenth/legacy/final_run/9826/9826_pchains.csv
155,289,gl317,K,1.0,1.853827483,1.85260455,1.81563758,1.889562012,1.179880357,1.179972148,1.172383172,1.18751279,695.306869,695.3577541,694.6604877,696.0580614,2455305.907,2455306.122,2455301.605,2455310.752,-0.4777958492,-0.475768481,-0.7050576493999999,-0.2170429533,72.41709549,72.37592799,71.2605707,73.5212679,0.09696237413,0.09821242063,0.08224215078,0.1140020492,0.095,0.1056552692,0.01788589553,0.01787240604,0.01673771227,0.01906763338,1.7686090369999998,1.768942664,0.01673771227,0.01906763338,/data/user/lrosenth/legacy/final_run/gl317/gl317_pchains.csv
156,290,gl317,K,2.0,1.674611883,1.6731088669999998,1.597551517,1.751307662,5.57421791,5.779310364,5.403335915,6.526444221,7139.955039,7539.566384000002,6818.5307170000015,9035.742484,2456395.418,2456383.981,2456306.975,2456458.607,1.99066247,-1.153718593,-1.394984402,-0.7572288443999999,30.64216949,30.25034516,28.66117642,31.81109939,0.2106694574,0.2482288436,0.1742542769,0.353559618,0.23,0.2940850786,0.0008013435522,0.0007399553818999999,0.000577587557,0.0008615525715,3.84418983,3.921553361,0.000577587557,0.0008615525715,/data/user/lrosenth/legacy/final_run/gl317/gl317_pchains.csv
158,295,hip109388,K,1.0,0.8843583629999999,0.8907464676000001,0.8547494613,0.9263588195,2.410233398,2.409466009,2.392169825,2.427020959,1940.922211,1940.052568,1928.198726,1952.402781,2453862.526,2453873.132,2453849.5,2453893.656,0.5031168081,0.4065363028,-0.21798503,0.9651609954,23.04248548,23.20551593,22.31641818,24.09020142,0.06030392506,0.04993809171,0.020208785080000003,0.07913582532999999,0.045,0.06351584793,0.005460330867,0.005464860102,0.005211875843,0.005727962948,2.3793305030000003,2.378837357,0.005211875843,0.005727962948,/data/user/lrosenth/legacy/final_run/hip109388/hip109388_pchains.csv
159,296,hip109388,K,2.0,1.085623317,1.078622269,1.025573591,1.131216779,4.935984168,4.973535409,4.899385927,5.056045695,5688.26888,5753.018633,5636.191169,5886.434104,2458930.114,2458970.545,2458853.465,2459106.939,2.344578049,-0.6328188057,-1.057727774,-0.13917373019999998,19.83318852,19.64178563,18.68897818,20.57646917,0.1017706534,0.09908960001,0.0586828843,0.1401788538,0.105,0.117941431,0.001301936023,0.001281324988,0.00121144674,0.001352828248,3.4049606810000004,3.418571662,0.00121144674,0.001352828248,/data/user/lrosenth/legacy/final_run/hip109388/hip109388_pchains.csv
161,300,hip57050,K,1.0,0.2688651888,0.2598687708,0.2305081623,0.2895013105,0.9274383844,0.930177339,0.9213940261,0.9391532967,533.7416653,535.9232281000002,532.6544953,539.8770574,2454792.057,2454768.972,2454728.913,2454798.256,-2.911592669,0.278093019,-0.09746178615,0.6842604272,14.01665018,13.10549471,11.47215512,14.85719209,0.376158752,0.2667470065,0.1000381692,0.4049064643,0.315,0.3373444737,0.01781959428,0.017703141159999998,0.01643520887,0.01904146731,1.770251859,1.773155931,0.01643520887,0.01904146731,/data/user/lrosenth/legacy/final_run/hip57050/hip57050_pchains.csv
162,301,hip57050,K,2.0,0.34332014240000003,0.3392871071,0.3257198857,0.35294597060000005,0.16861889089999998,0.16861092809999995,0.1672218312,0.16998018280000002,41.37736681,41.37463201,41.36428092,41.38550337,2454796.937,2454796.918,2454796.066,2454797.81,-1.670083064,1.4298145530000002,-1.408302395,1.519753124,41.78792341,41.32719349,39.81793403,42.85981810000001,0.3657334183,0.3663006253,0.3378538641,0.3937376425,0.365,0.3792803262,0.539082815,0.5390438811,0.5005801418,0.5793243699,0.7548238957,0.7548375251,0.5005801418,0.5793243699,/data/user/lrosenth/legacy/final_run/hip57050/hip57050_pchains.csv
169,316,37124,K,1.0,0.649139181,0.6503255047,0.6347183836,0.6664575862,0.5253152477,0.5253327373,0.5221566107,0.5284696286,154.2608783,154.2599343,154.23028380000005,154.2902742,2454920.219,2454920.13,2454919.102,2454921.099,2.59252404,-0.4953918493,-0.8671519697,-0.048659507860000006,28.28351571,28.33872469,27.74521878,28.95460685,0.05074042325,0.050382163560000005,0.02872550988,0.06946913472999999,0.055,0.05967712146000001,3.089022368,3.089596086,2.934375218,3.250979529,0.4878701522,0.4878475021,2.934375218,3.250979529,/data/user/lrosenth/legacy/final_run/37124/37124_pchains.csv
170,317,37124,K,2.0,0.5721393867,0.6473076983,0.557276151,0.7271290438,1.68738057,1.68694899,1.676282742,1.697493028,888.06623,887.6802021,885.2686596000002,890.1554972000001,2454932.405,2454936.881,2454924.785,2454949.503,0.5765089258,0.6337847290999999,0.2394733275,0.9703946334,14.06753932,15.86023025,13.7056333,17.769907800000006,0.1578201803,0.1256109787,0.08011966743,0.1726963307,0.12,0.1475690045,0.2993884063,0.2995750384,0.2845410391,0.315318353,0.8743811119,0.8742448975,0.2845410391,0.315318353,/data/user/lrosenth/legacy/final_run/37124/37124_pchains.csv
173,322,183263,K,1.0,3.704948301,3.704389401,3.60531995,3.802954548,1.507864184,1.5076841230000002,1.487719329,1.527188134,625.0872202,625.0940306,624.9754621000002,625.2135308,2456924.664,2456925.202,2456923.661,2456926.778,-2.218227747,0.9183818158,0.9051467637,0.9313356422,85.6546238,85.68224245,85.25211534,86.10082455,0.3782729108,0.3786392295,0.3746475914,0.3826492602,0.375,0.3805699744,0.7868900095999999,0.7865754804,0.7205814367,0.8575032231999999,0.6867220688,0.6867907087,0.7205814367,0.8575032231999999,/data/user/lrosenth/legacy/final_run/183263/183263_pchains.csv
174,323,183263,K,2.0,7.961929587,7.964036582999999,7.743848732000001,8.183670682,6.0378130070000005,6.037081518,5.953755375,6.1196559310000005,5008.604847,5009.711119,4977.621838,5040.424026,2457195.1040000003,2457195.656,2457186.842,2457204.205,-1.161304155,-1.164793528,-1.273326396,-1.060836074,85.29977255,85.34318605,84.73180765,85.96892852,0.058800682589999986,0.0594581772,0.05320168335,0.06581430495,0.055,0.06246694644,0.04907713089,0.04905741286,0.04490651381,0.053500038830000006,1.374167651,1.374305713,0.04490651381,0.053500038830000006,/data/user/lrosenth/legacy/final_run/183263/183263_pchains.csv
175,324,gl876,K,1.0,2.115898236,2.114974084,2.078736625,2.150410105,0.2177203733,0.2177325772,0.2158768129,0.2195184772,61.03470014,61.03473722,61.03389493,61.03554216,2453055.986,2453055.984,2453055.937,2453056.022,1.167076623,-0.1245806448,-1.079185039,1.036214266,212.0769767,211.9724684,211.3754753,212.5305742,0.0005913183986,0.0019712014800000004,0.0005897968295,0.003920313964,0.0,0.0028361374100000004,0.300039555,0.2998130919,0.278237412,0.323200987,0.8739063278,0.8740713068000001,0.278237412,0.323200987,/data/user/lrosenth/legacy/final_run/gl876/gl876_pchains.csv
176,325,gl876,K,2.0,0.6977745042,0.6981448347,0.6853697069,0.7103813314,0.1362898203,0.1362976448,0.1351361524,0.13741627480000002,30.22896921,30.22901589,30.22847047,30.22953244,2453029.307,2453029.298,2453029.241,2453029.347,-1.458247546,-0.4301260667,-1.226845411,1.136864506,88.40042706,88.43518084,87.86153123,88.98193367,0.01023965735,0.006900647508000001,0.001864934079,0.013211896640000002,0.0,0.009766651211,0.7656844291,0.7650965984,0.7100462052,0.8247694874,0.6914281522,0.6915609215999999,0.7100462052,0.8247694874,/data/user/lrosenth/legacy/final_run/gl876/gl876_pchains.csv
